SYMBOL,NAME_OF_COMPANY,SERIES,DATE_OF_LISTING,PAID_UP_VALUE,ISIN_NUMBER,FACE_VALUE,Unnamed: 7
NMSTEEL.NS,Newmalayalam Steel Limited,ST,27-Dec-24,10,INE0TP801012,10,
IDENTICAL.NS,Identical Brains Studios Limited,ST,26-Dec-24,10,INE0TD101011,10,
PURPLEUTED.NS,Purple United Sales Limited,ST,18-Dec-24,10,INE0P5R01014,10,
SFML.NS,Supreme Facility Management Limited,ST,18-Dec-24,10,INE0U6N01014,10,
DHANLAXMI.NS,Dhanlaxmi Crop Science Limited,SM,16-Dec-24,10,INE0V9V01010,10,
ETML.NS,Emerald Tyre Manufacturers Limited,SM,12-Dec-24,10,INE0RHD01013,10,
GANESHIN.NS,Ganesh Infraworld Limited,SM,06-Dec-24,5,INE0TVT01024,5,
AGARWALTUF.NS,Agarwal Toughened Glass India Limited,SM,05-Dec-24,10,INE0P8X01016,10,
APEXECO.NS,Apex Ecotech Limited,SM,04-Dec-24,10,INE0T4V01015,10,
ABHAPOWER.NS,Abha Power and Steel Limited,SM,04-Dec-24,10,INE0UYG01015,10,
RAJPUTANA.NS,Rajputana Biodiesel Limited,SM,03-Dec-24,10,INE0VHU01019,10,
C2C.NS,C2C Advanced Systems Limited,SM,03-Dec-24,10,INE0U7V01015,10,
ITTL.NS,Innovative Tyres & Tubes Limited,ST,02-Dec-24,10,INE070Y01023,10,
LAMOSAIC.NS,Lamosaic India Limited,ST,29-Nov-24,10,INE0R0201012,10,
ONYX.NS,Onyx Biotec Limited,SM,22-Nov-24,10,INE0WVU01018,10,
NEELAM.NS,Neelam Linens and Garments (India) Limited,ST,18-Nov-24,10,INE0N1401016,10,
USHAFIN.NS,Usha Financial Services Limited,SM,31-Oct-24,10,INE0LS001014,10,
DANISH.NS,Danish Power Limited,SM,29-Oct-24,10,INE0YU901016,10,
UHTL.NS,United Heat Transfer Limited,ST,29-Oct-24,10,INE0SMR01011,10,
OBSCP.NS,OBSC Perfection Limited,ST,29-Oct-24,10,INE0YHV01011,10,
PREMIUM.NS,Premium Plast Limited,SM,28-Oct-24,10,INE0M1F01011,10,
FRESHARA.NS,Freshara Agro Exports Limited,ST,24-Oct-24,10,INE0SFW01015,10,
LAKSHYA.NS,Lakshya Powertech Limited,SM,23-Oct-24,10,INE0VZS01015,10,
PRANIK.NS,Pranik Logistics Limited,SM,17-Oct-24,10,INE0VJG01014,10,
PARAMOUNT.NS,Paramount Dye Tec Limited,SM,08-Oct-24,10,INE0TG801013,10,
SAJHOTELS.NS,Saj Hotels Limited,SM,07-Oct-24,10,INE00MT01022,10,
HVAX.NS,HVAX Technologies Limited,SM,07-Oct-24,10,INE0TO501019,10,
DIVYADHAN.NS,Divyadhan Recycling Industries Limited,SM,04-Oct-24,10,INE0QYI01019,10,
SAHASRA.NS,Sahasra Electronic Solutions Limited,SM,04-Oct-24,10,INE0RBQ01018,10,
FORGEAUTO.NS,Forge Auto International Limited,SM,04-Oct-24,10,INE0YKW01013,10,
THESL.NS,Thinking Hats Entertainment Solutions Limited,ST,03-Oct-24,10,INE0SHE01019,10,
TECHERA.NS,TechEra Engineering (India) Limited,ST,03-Oct-24,10,INE0JQS01019,10,
UNILEX.NS,Unilex Colours and Chemicals Limited,SM,03-Oct-24,10,INE0B2801011,10,
RAPPID.NS,Rappid Valves (India) Limited,ST,30-Sep-24,10,INE0MVO01012,10,
WOL3D.NS,Wol 3D India Limited,SM,30-Sep-24,10,INE0OO201011,10,
BIKEWO.NS,Bikewo Green Tech Limited,SM,27-Sep-24,10,INE0SQH01013,10,
SDREAMS.NS,S D Retail Limited,SM,27-Sep-24,10,INE0X6F01017,10,
PHOGLOBAL.NS,Phoenix Overseas Limited,ST,27-Sep-24,10,INE0FPO01018,10,
AVIANSH.NS,Avi Ansh Textile Limited,ST,27-Sep-24,10,INE0TFB01017,10,
KALANA.NS,Kalana Ispat Limited,SM,26-Sep-24,10,INE0T0L01014,10,
PSFL.NS,Paramount Speciality Forgings Limited,SM,25-Sep-24,10,INE0Q6001012,10,
ENVIRO.NS,Envirotech Systems Limited,SM,24-Sep-24,10,INE0SUH01015,10,
PELATRO.NS,Pelatro Limited,ST,24-Sep-24,10,INE0VG601013,10,
OSELDEVICE.NS,Osel Devices Limited,ST,24-Sep-24,10,INE0RMF01018,10,
DECCANTRAN.NS,Deccan Transcon Leasing Limited,ST,24-Sep-24,10,INE0S7C01019,10,
EXCELLENT.NS,Excellent Wires and Packaging Limited,SM,19-Sep-24,10,INE0Y4801011,10,
INNOMET.NS,Innomet Advanced Materials Limited,SM,18-Sep-24,10,INE0S1D01010,10,
SPPPOLY.NS,SPP Polymer Limited,ST,17-Sep-24,10,INE0QR801013,10,
GAJANAND.NS,Gajanand International Limited,ST,16-Sep-24,10,INE0QTE01018,10,
SHUBHSHREE.NS,Shubhshree Biofuels Energy Limited,ST,16-Sep-24,10,INE0UL701015,10,
AUSL.NS,Aditya Ultra Steel Limited,SM,16-Sep-24,10,INE01YQ01013,10,
VIESL.NS,Vision Infra Equipment Solutions Limited,SM,13-Sep-24,10,INE0TR001017,10,
MYMUDRA.NS,My Mudra Fincorp Limited,SM,12-Sep-24,10,INE0RVQ01016,10,
NAMOEWASTE.NS,Namo eWaste Management Limited,ST,11-Sep-24,10,INE08NZ01012,10,
JEYYAM.NS,Jeyyam Global Foods Limited,SM,09-Sep-24,5,INE0RXB01022,5,
BOSS.NS,Boss Packaging Solutions Limited,ST,06-Sep-24,10,INE0QNI01012,10,
PARAMATRIX.NS,Paramatrix Technologies Limited,SM,04-Sep-24,10,INE0S2W01018,10,
AERON.NS,Aeron Composite Limited,SM,04-Sep-24,10,INE0WL801011,10,
IPHL.NS,Indian Phosphate Limited,ST,03-Sep-24,10,INE0DHF01018,10,
VDEAL.NS,Vdeal System Limited,SM,03-Sep-24,10,INE0U2M01015,10,
JAYBEE.NS,Jay Bee Laminations Limited,ST,03-Sep-24,10,INE0SMY01017,10,
QVCEL.NS,QVC Exports Limited,ST,28-Aug-24,10,INE0KZF01015,10,
IDEALTECHO.NS,Ideal Technoplast Industries Limited,SM,28-Aug-24,10,INE0T9I01011,10,
BRACEPORT.NS,Brace Port Logistics Limited,ST,26-Aug-24,10,INE0R4Z01018,10,
FORCAS.NS,Forcas Studio Limited,ST,26-Aug-24,10,INE0U2501017,10,
BALCO.NS,Solve Plastic Products Limited,ST,21-Aug-24,10,INE0U0201016,10,
SUNLITE.NS,Sunlite Recycling Industries Limited,SM,20-Aug-24,10,INE0U2N01013,10,
POSITRON.NS,Positron Energy Limited,ST,20-Aug-24,10,INE0S3H01017,10,
AESTHETIK.NS,Aesthetik Engineers Limited,SM,16-Aug-24,10,INE0TSF01011,10,
PPSL.NS,Picturepost Studios Limited,SM,09-Aug-24,1,INE0YAL01017,1,
DHARIWAL.NS,Dhariwalcorp Limited,SM,08-Aug-24,10,INE0YRN01017,10,
UTSSAV.NS,Utssav CZ Gold Jewels Limited,ST,07-Aug-24,10,INE06IJ01010,10,
BULKCORP.NS,Bulkcorp International Limited,SM,06-Aug-24,10,INE0SZ301012,10,
ASHALOG.NS,Ashapura Logistics Limited,ST,06-Aug-24,10,INE0LAA01017,10,
SSEGL.NS,Sathlokhar Synergys E&C Global Limited,ST,06-Aug-24,10,INE0RFP01011,10,
RAJINDLTD.NS,Rajputana Industries Limited,SM,06-Aug-24,10,INE0PCU01012,10,
ESPRIT.NS,Esprit Stones Limited,SM,02-Aug-24,10,INE0SBP01018,10,
SATECH.NS,S A Tech Software India Limited,ST,02-Aug-24,10,INE0BSN01013,10,
APRAMEYA.NS,Aprameya Engineering Limited,ST,01-Aug-24,10,INE0LQG01010,10,
TROM.NS,Trom Industries Limited,SM,01-Aug-24,10,INE0SYV01018,10,
MIEL.NS,Manglam Infra & Engineering Limited,ST,31-Jul-24,10,INE0R3101011,10,
CHETANA.NS,Chetana Education Limited,SM,31-Jul-24,10,INE0U1T01012,10,
VLINFRA.NS,V.L.Infraprojects Limited,ST,30-Jul-24,10,INE0QXL01015,10,
RNFI.NS,RNFI Services Limited,SM,29-Jul-24,10,INE0SA001017,10,
MACOBSTECH.NS,Macobs Technologies Limited,SM,24-Jul-24,10,INE0R0J01010,10,
KATARIA.NS,Kataria Industries Limited,SM,24-Jul-24,10,INE0SVY01018,10,
TUNWAL.NS,Tunwal E-Motors Limited,SM,23-Jul-24,2,INE0OXV01027,2,
PRIZOR.NS,Prizor Viztech Limited,ST,22-Jul-24,10,INE0V9N01017,10,
SATIPOLY.NS,Sati Poly Plast Limited,SM,22-Jul-24,10,INE0RPM01017,10,
SAHAJSOLAR.NS,Sahaj Solar Limited,ST,19-Jul-24,10,INE0P4701011,10,
EFFWA.NS,Effwa Infra & Research Limited,ST,12-Jul-24,10,INE0U9101019,10,
GGBL.NS,Ganesh Green Bharat Limited,SM,12-Jul-24,10,INE0R8C01018,10,
AMBEY.NS,Ambey Laboratories Limited,SM,11-Jul-24,10,INE0M3I01029,10,
NEPHROCARE.NS,Nephro Care India Limited,ST,05-Jul-24,10,INE0SUN01013,10,
DTL.NS,Diensten Tech Limited,SM,03-Jul-24,10,INE0JRD01019,10,
AKIKO.NS,Akiko Global Services Limited,SM,02-Jul-24,10,INE0PMR01017,10,
PCCL.NS,Petro Carbon and Chemicals Limited,SM,02-Jul-24,10,INE998U01015,10,
DPEL.NS,Divine Power Energy Limited,ST,02-Jul-24,10,INE0SCO01019,10,
VISAMAN.NS,Visaman Global Sales Limited,SM,01-Jul-24,10,INE0BHK01012,10,
SYLVANPLY.NS,Sylvan Plyboard (India) Limited,SM,01-Jul-24,10,INE01IH01015,10,
MASON.NS,Mason Infratech Limited,ST,01-Jul-24,10,INE0SH001010,10,
SPCL.NS,Shivalic Power Control Limited,ST,01-Jul-24,10,INE0T7B01010,10,
MEDIORG.NS,Medicamen Organics Limited,ST,28-Jun-24,10,INE0PE401018,10,
WINNY.NS,Winny Immigration & Education Services Limited,ST,27-Jun-24,10,INE0S9101013,10,
FALCONTECH.NS,Falcon Technoprojects India Limited,SM,26-Jun-24,10,INE0PQK01013,10,
DURLAX.NS,Durlax Top Surface Limited,SM,26-Jun-24,10,INE0OUW01013,10,
GPECO.NS,GP Eco Solutions India Limited,ST,24-Jun-24,10,INE0S7E01015,10,
TBI.NS,TBI Corn Limited,ST,07-Jun-24,10,INE0N2D01013,10,
AIMTRON.NS,Aimtron Electronics Limited,ST,06-Jun-24,10,INE0RUV01018,10,
ZTECH.NS,Z-Tech (India) Limited,ST,05-Jun-24,10,INE0ISZ01012,10,
BEACON.NS,Beacon Trusteeship Limited,SM,04-Jun-24,10,INE639X01027,10,
VILAS.NS,Vilas Transcore Limited,ST,03-Jun-24,10,INE0AZY01017,10,
GSMFOILS.NS,GSM Foils Limited,ST,31-May-24,10,INE0SQY01018,10,
HOACFOODS.NS,Hoac Foods India Limited,ST,24-May-24,10,INE0S6S01017,10,
RULKA.NS,Rulka Electricals Limited,SM,24-May-24,10,INE0R7301013,10,
QUESTLAB.NS,Quest Laboratories Limited,SM,23-May-24,10,INE0TNW01017,10,
IEML.NS,Indian Emulsifiers Limited,SM,22-May-24,10,INE0RRU01016,10,
ABSMARINE.NS,ABS Marine Services Limited,SM,21-May-24,10,INE0QRV01016,10,
VERITAAS.NS,Veritaas Advertising Limited,SM,21-May-24,10,INE0SRI01019,10,
MANDEEP.NS,Mandeep Auto Industries Limited,SM,21-May-24,10,INE0R3T01013,10,
PRLIND.NS,Premier Roadlines Limited,SM,17-May-24,10,INE0CFG01012,10,
EMMIL.NS,Energy Mission Machineries (India) Limited,ST,16-May-24,10,INE0S1L01013,10,
SILKFLEX.NS,Silkflex Polymers (India) Limited,ST,15-May-24,10,INE0STN01015,10,
WINSOL.NS,Winsol Engineers Limited,SM,14-May-24,10,INE0S3D01016,10,
REFRACTORY.NS,Refractory Shapes Limited,ST,14-May-24,10,INE0TNX01015,10,
SLONE.NS,Slone Infosystems Limited,ST,10-May-24,10,INE0SMA01017,10,
BIRDYS.NS,Grill Splendour Services Limited,SM,23-Apr-24,10,INE0PC901019,10,
RBS.NS,Ramdevbaba Solvent Limited,ST,23-Apr-24,10,INE0RJH01010,10,
DCG.NS,DCG Cables & Wires Limited,SM,16-Apr-24,10,INE0S8401018,10,
TGL.NS,Teerth Gopicon Limited,ST,16-Apr-24,10,INE0K6601012,10,
DRSCARGO.NS,DRS Cargo Movers Limited,ST,10-Apr-24,10,INE0QZM01018,10,
ALUWIND.NS,Aluwind Architectural Limited,SM,09-Apr-24,10,INE0STM01017,10,
CGRAPHICS.NS,Creative Graphics Solutions India Limited,SM,09-Apr-24,10,INE0R7401011,10,
K2INFRA.NS,K2 Infragen Limited,SM,08-Apr-24,10,INE0DEZ01013,10,
YASHOPTICS.NS,Yash Optics & Lens Limited,SM,08-Apr-24,10,INE0TO601017,10,
RADIOWALLA.NS,Radiowalla Network Limited,SM,05-Apr-24,10,INE430U01019,10,
TAC.NS,TAC Infosec Limited,ST,05-Apr-24,10,INE0SOY01013,10,
TRUST.NS,Trust Fintech Limited,SM,04-Apr-24,10,INE0SWN01019,10,
BLUEPEBBLE.NS,Blue Pebble Limited,SM,03-Apr-24,10,INE0SAK01011,10,
ASPIRE.NS,Aspire & Innovative Advertising Limited,ST,03-Apr-24,10,INE0S7801010,10,
NAMAN.NS,Naman In-Store (India) Limited,ST,02-Apr-24,10,INE0RJM01010,10,
VISHWAS.NS,Vishwas Agri Seeds Limited,SM,01-Apr-24,10,INE0S2E01016,10,
ENFUSE.NS,Enfuse Solutions Limited,ST,22-Mar-24,10,INE0S3X01014,10,
ENSER.NS,Enser Communications Limited,ST,22-Mar-24,10,INE0R9I01013,10,
AVPINFRA.NS,AVP Infracon Limited,ST,20-Mar-24,10,INE0R9401019,10,
SIGNORIA.NS,Signoria Creation Limited,SM,19-Mar-24,10,INE0RDE01010,10,
PRATHAM.NS,Pratham EPC Projects Limited,ST,18-Mar-24,10,INE0QA601016,10,
SHREEKARNI.NS,Shree Karni Fabcom Limited,SM,14-Mar-24,10,INE0S4Y01010,10,
SONAMAC.NS,Sona Machinery Limited,ST,13-Mar-24,10,INE0Q6H01012,10,
VR.NS,V R Infraspace Limited,ST,12-Mar-24,10,INE0QQM01017,10,
MVKAGRO.NS,M.V.K. Agro Food Product Limited,SM,07-Mar-24,10,INE0SGC01015,10,
PURVFLEXI.NS,Purv Flexipack Limited,SM,05-Mar-24,10,INE0R6C01012,10,
OWAIS.NS,Owais Metal And Mineral Processing Limited,SM,04-Mar-24,10,INE0R8M01017,10,
SADHAV.NS,Sadhav Shipping Limited,SM,01-Mar-24,10,INE0K5H01010,10,
DEEM.NS,Deem Roll Tech Limited,SM,27-Feb-24,10,INE586O01011,10,
ZENITHDRUG.NS,Zenith Drugs Limited,ST,27-Feb-24,10,INE0QWN01013,10,
INM.NS,Interiors & More Limited,SM,23-Feb-24,10,INE0OPC01015,10,
ESCONET.NS,Esconet Technologies Limited,ST,23-Feb-24,10,INE0RQZ01017,10,
ATMASTCO.NS,Atmastco Limited,ST,23-Feb-24,10,INE05DH01017,10,
KTL.NS,Kalahridhaan Trendz Limited,ST,23-Feb-24,10,INE02M801018,10,
TCL.NS,Thaai Casting Limited,SM,23-Feb-24,10,INE0QJL01014,10,
WTICAB.NS,Wise Travel India Limited,ST,19-Feb-24,10,INE623Y01011,10,
POLYSIL.NS,Polysil Irrigation Systems Limited,SM,16-Feb-24,10,INE517M01028,10,
ALPEXSOLAR.NS,Alpex Solar Limited,SM,15-Feb-24,10,INE0R4701017,10,
ITALIANE.NS,Italian Edibles Limited,ST,12-Feb-24,10,INE0R7R01018,10,
BAWEJA.NS,Baweja Studios Limited,SM,06-Feb-24,10,INE0JFJ01011,10,
MEGATHERM.NS,Megatherm Induction Limited,SM,05-Feb-24,10,INE531R01010,10,
DHTL.NS,Docmode Health Technologies Limited,ST,02-Feb-24,10,INE0OGG01015,10,
DELAPLEX.NS,Delaplex Limited,SM,02-Feb-24,10,INE0SK801018,10,
FONEBOX.NS,Fonebox Retail Limited,SM,02-Feb-24,10,INE0Q4701019,10,
LAWSIKHO.NS,Addictive Learning Technology Limited,SM,30-Jan-24,10,INE0RDH01021,10,
KONSTELEC.NS,Konstelec Engineers Limited,ST,30-Jan-24,10,INE0QEI01011,10,
MAXPOSURE.NS,Maxposure Limited,SM,23-Jan-24,10,INE0ECC01022,10,
APS.NS,Australian Premium Solar (India) Limited,ST,18-Jan-24,10,INE0P0001010,10,
IBLFL.NS,IBL Finance Limited,ST,16-Jan-24,10,INE0O7401018,10,
KLL.NS,Kaushalya Logistics Limited,SM,08-Jan-24,10,INE0Q2V01012,10,
KCEIL.NS,Kay Cee Energy & Infra Limited,ST,05-Jan-24,10,INE0RCG01017,10,
HRHNEXT.NS,HRH Next Services Limited,ST,03-Jan-24,10,INE0R3501012,10,
AKANKSHA.NS,Akanksha Power and Infrastructure Limited,ST,03-Jan-24,10,INE0PCY01014,10,
SAIFL.NS,Sameera Agro And Infra Limited,SM,01-Jan-24,10,INE0PZA01015,10,
TECHLABS.NS,Trident Techlabs Limited,ST,29-Dec-23,10,INE0QD201012,10,
INDIFRA.NS,Indifra Limited,SM,29-Dec-23,10,INE0PS301014,10,
SUPREMEPWR.NS,Supreme Power Equipment Limited,ST,29-Dec-23,10,INE0QHG01026,10,
EFORCE.NS,Electro Force (India) Limited,SM,27-Dec-23,10,INE0Q1W01012,10,
SHREEOSFM.NS,Shree OSFM E-Mobility Limited,SM,21-Dec-23,10,INE02S501018,10,
SJLOGISTIC.NS,S J Logistics (India) Limited,ST,19-Dec-23,10,INE0F3301020,10,
PRESSTONIC.NS,Presstonic Engineering Limited,ST,18-Dec-23,10,INE0R1601012,10,
ACCENTMIC.NS,Accent Microcell Limited,SM,15-Dec-23,10,INE0Q5D01013,10,
GRAPHISAD.NS,Graphisads Limited,ST,13-Dec-23,10,INE0POU01017,10,
SHEETAL.NS,Sheetal Universal Limited,SM,11-Dec-23,10,INE04VX01019,10,
MARINETRAN.NS,Marinetrans India Limited,ST,08-Dec-23,10,INE0P1P01017,10,
CBAZAAR.NS,Net Avenue Technologies Limited,SM,08-Dec-23,1,INE518X01015,1,
ROCKINGDCE.NS,Rockingdeals Circular Economy Limited,SM,30-Nov-23,10,INE0PTR01012,10,
SUNREST.NS,Sunrest Lifescience Limited,SM,20-Nov-23,10,INE0PLZ01012,10,
ROXHITECH.NS,Rox Hi Tech Limited,SM,16-Nov-23,10,INE0PDJ01013,10,
BABAFP.NS,Baba Food Processing (India) Limited,SM,15-Nov-23,10,INE0QW501012,10,
MICROPRO.NS,Micropro Software Solutions Limited,SM,10-Nov-23,10,INE0PZK01014,10,
SARTELE.NS,Sar Televenture Limited,SM,08-Nov-23,2,INE0PUC01020,2,
MAITREYA.NS,Maitreya Medicare Limited,ST,07-Nov-23,10,INE0PLQ01011,10,
TRANSTEEL.NS,Transteel Seating Technologies Limited,ST,06-Nov-23,10,INE0NVI01020,10,
PARAGON.NS,Paragon Fine and Speciality Chemical Limited,ST,03-Nov-23,10,INE0N4G01012,10,
SHANTHALA.NS,Shanthala FMCG Products Limited,ST,03-Nov-23,10,INE0Q9Q01017,10,
ONDOOR.NS,On Door Concepts Limited,ST,01-Nov-23,10,INE00ER01015,10,
RCDL.NS,Rajgor Castor Derivatives Limited,SM,31-Oct-23,10,INE0BZQ01011,10,
WOMANCART.NS,Womancart Limited,ST,27-Oct-23,10,INE0Q9601016,10,
ARVINDPORT.NS,ARVIND PORT AND INFRA LIMITED,ST,25-Oct-23,10,INE0P4T01013,10,
COMMITTED.NS,Committed Cargo Care Limited,ST,18-Oct-23,10,INE597Z01014,10,
PLADAINFO.NS,Plada Infotech Services Limited,SM,13-Oct-23,10,INE0PXD01014,10,
SCML.NS,Sharp Chucks and Machines Limited,SM,12-Oct-23,10,INE460Q01014,10,
KARNIKA.NS,Karnika Industries Limited,ST,12-Oct-23,10,INE0MGA01012,10,
OLIL.NS,Oneclick Logistics India Limited,SM,11-Oct-23,10,INE0OPS01011,10,
GOYALSALT.NS,Goyal Salt Limited,SM,11-Oct-23,10,INE0QFE01017,10,
CANARYS.NS,Canarys Automations Limited,SM,11-Oct-23,2,INE0QG301017,2,
VISHNUINFR.NS,Vishnusurya Projects and Infra Limited,ST,10-Oct-23,10,INE0PQ001012,10,
KONTOR.NS,Kontor Space Limited,ST,10-Oct-23,10,INE0KZ301010,10,
EFACTOR.NS,E Factor Experiences Limited,ST,09-Oct-23,10,INE0KFF01017,10,
ARABIAN.NS,Arabian Petroleum Limited,SM,09-Oct-23,10,INE08NJ01024,10,
VINYAS.NS,Vinyas Innovative Technologies Limited,ST,06-Oct-23,10,INE0OLS01010,10,
NEWJAISA.NS,Newjaisa Technologies Limited,SM,05-Oct-23,5,INE0PW501021,5,
INSPIRE.NS,Inspire Films Limited,SM,05-Oct-23,10,INE0NDX01019,10,
DIGIKORE.NS,Digikore Studios Limited,ST,04-Oct-23,10,INE0QJ901011,10,
MAL.NS,Mangalam Alloys Limited,SM,04-Oct-23,10,INE00C401011,10,
SAAKSHI.NS,Saakshi Medtech and Panels Limited,SM,03-Oct-23,10,INE0PSK01027,10,
MASTER.NS,Master Components Limited,ST,29-Sep-23,10,INE0OJM01017,10,
HIGREEN.NS,Hi-Green Carbon Limited,ST,28-Sep-23,10,INE0PIC01017,10,
MARCO.NS,Marco Cables & Conductors Limited,SM,28-Sep-23,10,INE0QP001012,10,
CELLECOR.NS,Cellecor Gadgets Limited,SM,28-Sep-23,1,INE0OMO01025,1,
KODYTECH.NS,Kody Technolab Limited,SM,27-Sep-23,10,INE0Q7P01013,10,
MADHUSUDAN.NS,Madhusudan Masala Limited,SM,26-Sep-23,10,INE0P6701019,10,
KEL.NS,Kundan Edifice Limited,ST,26-Sep-23,10,INE0OWX01025,10,
CHAVDA.NS,Chavda Infra Limited,SM,25-Sep-23,10,INE0PT101017,10,
HOLMARC.NS,Holmarc Opto-Mechatronics Limited,ST,25-Sep-23,10,INE0LXA01019,10,
UNIHEALTH.NS,Unihealth Hospitals Limited,SM,21-Sep-23,10,INE0PRF01011,10,
JIWANRAM.NS,Jiwanram Sheoduttrai Industries Limited,SM,18-Sep-23,10,INE0N5H01017,10,
PRAMARA.NS,Pramara Promotions Limited,SM,13-Sep-23,10,INE0O7A01017,10,
SAROJA.NS,Saroja Pharma Industries India Limited,SM,13-Sep-23,10,INE0PCL01011,10,
BASILIC.NS,Basilic Fly Studio Limited,ST,11-Sep-23,10,INE0OCC01013,10,
MONOPHARMA.NS,Mono Pharmacare Limited,SM,07-Sep-23,10,INE0OIP01012,10,
CPS.NS,C P S Shapers Limited,ST,07-Sep-23,10,INE0QBU01012,10,
SAHAJ.NS,Sahaj Fashions Limited,SM,06-Sep-23,10,INE013901017,10,
SEL.NS,Sungarner Energies Limited,ST,31-Aug-23,10,INE0O3O01017,10,
CLSL.NS,Crop Life Science Limited,SM,30-Aug-23,10,INE00NH01017,10,
SSFL.NS,Srivari Spices And Foods Limited,ST,18-Aug-23,10,INE0ON201012,10,
SANGANI.NS,Sangani Hospitals Limited,ST,17-Aug-23,10,INE0OVI01010,10,
YUDIZ.NS,Yudiz Solutions Limited,SM,17-Aug-23,10,INE09FA01019,10,
ORIANA.NS,Oriana Power Limited,SM,11-Aug-23,10,INE0OUT01019,10,
VINSYS.NS,Vinsys IT Services India Limited,SM,11-Aug-23,10,INE0OSJ01014,10,
ZEAL.NS,Zeal Global Services Limited,SM,09-Aug-23,10,INE0PPS01018,10,
SHRITECH.NS,Shri Techtex Limited,SM,04-Aug-23,10,INE0OMF01015,10,
YCCL.NS,Yasons Chemex Care Limited,SM,03-Aug-23,10,INE08S201019,10,
SERVICE.NS,Service Care Limited,SM,26-Jul-23,10,INE0P1Q01015,10,
DRONE.NS,Drone Destination Limited,ST,21-Jul-23,10,INE0P7201019,10,
SYNOPTICS.NS,Synoptics Technologies Limited,SM,13-Jul-23,10,INE0BTR01012,10,
TRIDHYA.NS,Tridhya Tech Limited,SM,13-Jul-23,10,INE0LWY01029,10,
GLOBALPET.NS,Global Pet Industries Limited,SM,10-Jul-23,10,INE0PS501019,10,
PENTAGON.NS,Pentagon Rubber Limited,SM,07-Jul-23,10,INE0ORS01017,10,
ESFL.NS,Essen Speciality Films Limited,ST,06-Jul-23,10,INE0ITO01014,10,
GREENCHEF.NS,Greenchef Appliances Limited,SM,06-Jul-23,10,INE0O7P01015,10,
MAGSON.NS,Magson Retail And Distribution Limited,SM,06-Jul-23,10,INE0O1S01012,10,
VILINBIO.NS,Vilin Bio Med Limited,SM,30-Jun-23,10,INE0L4V01013,10,
AATMAJ.NS,Aatmaj Healthcare Limited,SM,30-Jun-23,5,INE0OB201016,5,
CELLPOINT.NS,Cell Point (India) Limited,SM,28-Jun-23,10,INE0O0001013,10,
URBAN.NS,Urban Enviro Waste Management Limited,ST,22-Jun-23,10,INE0O0201019,10,
SPECTSTM.NS,Spectrum Talent Management Limited,ST,22-Jun-23,10,INE0OL001018,10,
KDL.NS,Kore Digital Limited,ST,14-Jun-23,10,INE0O4R01018,10,
SAHANA.NS,Sahana System Limited,ST,12-Jun-23,10,INE0LEX01011,10,
INFOLLION.NS,Infollion Research Services Limited,ST,08-Jun-23,10,INE0NNZ01013,10,
PROV.NS,Proventus Agrocom Limited,SM,05-Jun-23,10,INE0ONE01016,10,
CRAYONS.NS,Crayons Advertising Limited,SM,02-Jun-23,10,INE0OFK01019,10,
DENTALKART.NS,Vasa Denticity Limited,SM,02-Jun-23,10,INE0N5801013,10,
REMUS.NS,Remus Pharmaceuticals Limited,SM,29-May-23,10,INE0O5T01011,10,
KRISHCA.NS,Krishca Strapping Solutions Limited,SM,26-May-23,10,INE0NR701018,10,
AUROIMPEX.NS,Auro Impex  & Chemicals Limited,SM,23-May-23,10,INE0NUL01018,10,
DENEERS.NS,De Neers Tools Limited,ST,11-May-23,10,INE0JWV01011,10,
QUICKTOUCH.NS,Quicktouch Technologies Limited,ST,02-May-23,10,INE0K4D01020,10,
AGUL.NS,A G Universal Limited,SM,24-Apr-23,10,INE0O6N01012,10,
PATTECH.NS,Pattech Fitwell Tube Components Limited,ST,21-Apr-23,10,INE0NZW01014,10,
MOS.NS,Mos Utility Limited,ST,18-Apr-23,10,INE0N7S01010,10,
INFINIUM.NS,Infinium Pharmachem Limited,ST,17-Apr-23,10,INE0MRE01011,10,
SOTAC.NS,Sotac Pharmaceuticals Limited,SM,13-Apr-23,10,INE0O2D01012,10,
NIRMAN.NS,Nirman Agri Genetics Limited,ST,28-Mar-23,10,INE0OK701014,10,
QFIL.NS,Quality Foils (India) Limited,SM,24-Mar-23,10,INE0O1M01015,10,
VELS.NS,Vels Film International Limited,SM,22-Mar-23,10,INE0I3H01019,10,
MCON.NS,Mcon Rasayan India Limited,ST,20-Mar-23,10,INE0O4M01019,10,
SYSTANGO.NS,Systango Technologies Limited,SM,15-Mar-23,10,INE0O7R01011,10,
VERTEXPLUS.NS,Vertexplus Technologies Limited,SM,15-Mar-23,10,INE0NLB01018,10,
SRIVASAVI.NS,Srivasavi Adhesive Tapes Limited,SM,09-Mar-23,10,INE0NPI01014,10,
VIAZ.NS,Viaz Tyres Limited,SM,01-Mar-23,10,INE0MO401019,10,
AGARWALFT.NS,Agarwal Float Glass India Limited,SM,23-Feb-23,10,INE0MLA01012,10,
LRRPL.NS,Lead Reclaim And Rubber Products Limited,ST,21-Feb-23,10,INE0H4B01011,10,
SHERA.NS,Shera Energy Limited,SM,17-Feb-23,10,INE0MM001019,10,
GRCL.NS,Gayatri Rubbers And Chemicals Limited,ST,07-Feb-23,10,INE0LVM01018,10,
ARISTO.NS,Aristo Bio-Tech And Lifescience Limited,ST,30-Jan-23,10,INE082101010,10,
DUCOL.NS,Ducol Organics And Colours Limited,SM,19-Jan-23,10,INE0LZO01015,10,
CMNL.NS,Chaman Metallics Limited,ST,16-Jan-23,10,INE06PV01010,10,
ANLON.NS,Anlon Technology Solutions Limited,SM,10-Jan-23,10,INE0LR101013,10,
RBMINFRA.NS,Rbm Infracon Limited,ST,04-Jan-23,10,INE0NA301016,10,
HOMESFY.NS,Homesfy Realty Limited,SM,02-Jan-23,10,INE0N7F01017,10,
MOXSH.NS,Moxsh Overseas Educon Limited,SM,30-Dec-22,10,INE0N6D01014,10,
UMA.NS,Uma Converter Limited,SM,29-Dec-22,10,INE067901012,10,
ARIHANTACA.NS,Arihant Academy Limited,ST,29-Dec-22,10,INE0NCC01015,10,
DOLLEX.NS,Dollex Agrotech Limited,SM,28-Dec-22,10,INE0JHH01011,10,
ALLETEC.NS,All E Technologies Limited,ST,21-Dec-22,10,INE0M2X01012,10,
ARHAM.NS,Arham Technologies Limited,SM,15-Dec-22,10,INE0L2Y01011,10,
PRITIKA.NS,Pritika Engineering Components Limited,ST,08-Dec-22,10,INE0MJQ01012,10,
BAHETI.NS,Baheti Recycling Industries Limited,ST,08-Dec-22,10,INE029Q01017,10,
AMIABLE.NS,Amiable Logistics (India) Limited,SM,16-Nov-22,10,INE0MTP01013,10,
VITAL.NS,Vital Chemtech Limited,SM,14-Nov-22,10,INE0L4K01016,10,
IPSL.NS,Integrated Personnel Services Limited,ST,11-Nov-22,10,INE02EE01019,10,
RITEZONE.NS,Rite Zone Chemcon India Limited,SM,11-Nov-22,10,INE0MRA01019,10,
PHANTOMFX.NS,Phantom Digital Effects Limited,ST,21-Oct-22,10,INE0MLZ01019,10,
FROG.NS,Frog Cellsat Limited,SM,13-Oct-22,10,INE385O01018,10,
SWASTIK.NS,Swastik Pipe Limited,SM,12-Oct-22,10,INE0DGC01025,10,
QMSMEDI.NS,QMS Medical Allied Services Limited,SM,11-Oct-22,10,INE0FMW01018,10,
LLOYDS.NS,Lloyds Luxuries Limited,SM,11-Oct-22,10,INE0DTQ01028,10,
CMRSL.NS,Cyber Media Research & Services Limited,SM,10-Oct-22,10,INE075Z01011,10,
MAKS.NS,Maks Energy Solutions India Limited,SM,28-Sep-22,10,INE0CDK01019,10,
KANDARP.NS,Kandarp Digi Smart BPO Limited,ST,28-Sep-22,10,INE0MOT01016,10,
ANNAPURNA.NS,Annapurna Swadisht Limited,SM,27-Sep-22,10,INE0MGM01017,10,
CLOUD.NS,Varanium Cloud Limited,SZ,27-Sep-22,5,INE0JOO01021,5,
TAPIFRUIT.NS,Tapi Fruit Processing Limited,SM,22-Sep-22,10,INE0M7001010,10,
ISHAN.NS,Ishan International Limited,ST,22-Sep-22,1,INE0LCW01025,1,
SABAR.NS,Sabar Flex India Limited,ST,21-Sep-22,10,INE0DZ101013,10,
MEGAFLEX.NS,Mega Flex Plastics Limited,ST,19-Sep-22,10,INE0G1D01014,10,
VIVIANA.NS,Viviana Power Tech Limited,ST,16-Sep-22,10,INE0MEG01014,10,
JFLLIFE.NS,Jfl Life Sciences Limited,ST,08-Sep-22,10,INE0LA901015,10,
AMEYA.NS,Ameya Precision Engineers Limited,ST,08-Sep-22,10,INE0KT901015,10,
KORE.NS,Jay Jalaram Technologies Limited,ST,08-Sep-22,10,INE0J6801010,10,
VEEKAYEM.NS,Veekayem Fashion and Apparels Limited,ST,22-Aug-22,10,INE0KTW01013,10,
USASEEDS.NS,Upsurge Seeds Of Agriculture Limited,SM,11-Aug-22,10,INE0CBM01019,10,
AGNI.NS,Agni Green Power Limited,SM,01-Aug-22,10,INE0LF301013,10,
SKP.NS,SKP Bearing Industries Limited,SM,13-Jul-22,10,INE0KZA01016,10,
MWL.NS,Mangalam Worldwide Limited,SM,11-Jul-22,10,INE0JYY01011,10,
KCK.NS,Kck Industries Limited,ST,08-Jul-22,2,INE0J1E01027,2,
RILINFRA.NS,Rachana Infrastructure Limited,ST,10-Jun-22,10,INE02OY01016,10,
FIDEL.NS,Fidel Softech Limited,SM,10-Jun-22,10,INE0LQQ01019,10,
GSTL.NS,Globesecure Technologies Limited,SM,02-Jun-22,10,INE00WS01056,10,
SONUINFRA.NS,Sonu Infratech Limited,ST,13-May-22,10,INE0JZA01018,10,
LEMERITE.NS,Le Merite Exports Limited,ST,09-May-22,10,INE0G1L01017,10,
JSLL.NS,Jeena Sikho Lifecare Limited,SM,19-Apr-22,10,INE0J5801011,10,
KRISHNADEF.NS,Krishna Defence and Allied Industries Limited,ST,06-Apr-22,10,INE0J5601015,10,
PROPEQUITY.NS,P. E. Analytics Limited,SM,04-Apr-22,10,INE0KN801013,10,
KRISHIVAL.NS,Krishival Foods Limited,SM,31-Mar-22,10,INE0GGO01015,10,
SWARAJ.NS,Swaraj Suiting Limited,ST,28-Mar-22,10,INE0GMR01016,10,
KNAGRI.NS,KN Agri Resources Limited,ST,28-Mar-22,10,INE0KNW01016,10,
COOLCAPS.NS,Cool Caps Industries Limited,ST,24-Mar-22,10,INE0HS001010,10,
SPRL.NS,Sp Refractories Limited,ST,22-Mar-22,10,INE0JW501011,10,
SHIGAN.NS,Shigan Quantum Technologies Limited,SM,11-Mar-22,10,INE03KJ01013,10,
MADHAVBAUG.NS,Vaidya Sane Ayurved Laboratories Limited,SM,23-Feb-22,10,INE0JR301013,10,
RICHA.NS,Richa Info Systems Limited,SM,21-Feb-22,10,INE0J1P01015,10,
PRECISION.NS,Precision Metaliks Limited,ST,01-Feb-22,10,INE0HKW01018,10,
TIMESCAN.NS,Timescan Logistics (India) Limited,SM,12-Jan-22,10,INE0IJY01014,10,
ABCOTS.NS,A B Cotspin India Limited,ST,11-Jan-22,10,INE08PH01015,10,
VIVO.NS,Vivo Collaboration Solutions Limited,SM,31-Dec-21,10,INE0IA701014,10,
FOCE.NS,Foce India Limited,ST,28-Dec-21,10,INE0I7D01019,10,
EUROBOND.NS,Euro Panel Products Limited,SM,24-Dec-21,10,INE505V01016,10,
NIDAN.NS,Nidan Laboratories and Healthcare Limited,SM,12-Nov-21,10,INE0J6L01013,10,
KOTYARK.NS,Kotyark Industries Limited,SM,02-Nov-21,10,INE0J0B01017,10,
DKEGL.NS,D.K. Enterprises Global Limited,SM,22-Oct-21,10,INE0GN101014,10,
DESTINY.NS,Destiny Logistics & Infra Limited,ST,13-Oct-21,10,INE0IGO01011,10,
DYNAMIC.NS,Dynamic Services & Security Limited,ST,13-Oct-21,10,INE0DZ701010,10,
BMETRICS.NS,Bombay Metrics Supply Chain Limited,SM,12-Oct-21,10,INE0I3Y01014,10,
JAINAM.NS,Jainam Ferro Alloys (I) Limited,ST,08-Oct-21,10,INE02KC01010,10,
QUADPRO.NS,Quadpro Ites Limited,SM,30-Sep-21,2,INE0GOJ01027,2,
BEWLTD.NS,BEW Engineering Limited,ST,16-Sep-21,10,INE0HQI01014,10,
DUGLOBAL.NS,DUDIGITAL GLOBAL LIMITED,SM,26-Aug-21,2,INE0HPK01020,2,
REXPIPES.NS,Rex Pipes And Cables Industries Limited,SM,10-Aug-21,10,INE00D001018,10,
NPST.NS,Network People Services Technologies Limited,SM,10-Aug-21,10,INE0FFK01017,10,
WALPAR.NS,Walpar Nutritions Limited,SM,13-Jul-21,10,INE0G2G01015,10,
AILIMITED.NS,Abhishek Integrations Limited,ST,21-Jun-21,10,INE0CAJ01017,10,
VMARCIND.NS,V Marc India Limited,ST,09-Apr-21,10,INE0GXK01018,10,
SIDDHIKA.NS,Siddhika Coatings Limited,SM,07-Apr-21,10,INE0A1E01018,10,
PARTYCRUS.NS,Party Cruisers Limited,SM,05-Mar-21,10,INE06ZX01015,10,
ASCOM.NS,Ascom Leasing & Investments Limited,ST,06-Dec-19,10,INE08KD01015,10,
GOLDKART.NS,Goldkart Jewels Limited,ST,15-Oct-19,10,INE06MH01016,10,
SHIVAUM.NS,Shiv Aum Steels Limited,ST,01-Oct-19,10,INE719F01016,10,
SECL.NS,Salasar Exteriors and Contour Limited,ST,12-Sep-19,1,INE00Y701026,1,
KHFM.NS,Khfm Hospitality And Facility Management Services Limited,SM,12-Apr-19,10,INE00UG01014,10,
MINDPOOL.NS,Mindpool Technologies Limited,SM,28-Feb-19,10,INE00RQ01019,10,
SURANI.NS,Surani Steel Tubes Limited,ST,06-Feb-19,10,INE01ZJ01015,10,
DRSDILIP.NS,DRS Dilip Roadlines Limited,ST,10-Dec-18,10,INE02CV01017,10,
SHUBHLAXMI.NS,Shubhlaxmi Jewel Art Limited,ST,04-Dec-18,10,INE01Z401013,10,
UWCSL.NS,Ultra Wiring Connectivity System Limited,ST,26-Oct-18,10,INE00F301010,10,
PARIN.NS,Parin Enterprises Limited,ST,09-Oct-18,10,INE00U801010,10,
SPECTRUM.NS,Spectrum Electrical Industries Limited,SM,01-Oct-18,10,INE01EO01010,10,
UCL.NS,Ushanti Colour Chem Limited,SM,02-Aug-18,10,INE00NI01015,10,
AMBANIORGO.NS,AMBANI ORGOCHEM LIMITED,ST,18-Jul-18,10,INE00C501018,10,
JAKHARIA.NS,JAKHARIA FABRIC LIMITED,ST,11-Jul-18,10,INE00N401018,10,
MAHICKRA.NS,Mahickra Chemicals Limited,SM,26-Apr-18,10,INE961Y01015,10,
VERA.NS,Vera Synthetic Limited,ST,12-Apr-18,10,INE709Z01015,10,
CONTI.NS,Continental Seeds and Chemicals Limited,ST,04-Apr-18,10,INE340Z01019,10,
GIRIRAJ.NS,Giriraj Civil Developers Limited,SM,02-Apr-18,10,INE614Z01017,10,
MDL.NS,Marvel Decor Limited,SM,23-Mar-18,10,INE575Z01010,10,
MHHL.NS,Mohini Health & Hygiene Limited,SM,16-Feb-18,10,INE450S01011,10,
AMJUMBO.NS,A and M Jumbo Bags Limited,ST,12-Feb-18,10,INE749Y01014,10,
VASA.NS,Vasa Retail and Overseas Ltd,SM,06-Feb-18,10,INE068Z01016,10,
SOLEX.NS,Solex Energy Limited,SM,05-Feb-18,10,INE880Y01017,10,
SMVD.NS,SMVD Poly Pack Limited,SM,26-Dec-17,10,INE702Y01013,10,
FELIX.NS,Felix Industries Limited,ST,05-Dec-17,10,INE901X01013,10,
PULZ.NS,Pulz Electronics Limited,ST,24-Nov-17,10,INE335X01014,10,
AISL.NS,ANI Integrated Services Limited,ST,20-Nov-17,10,INE635Y01015,10,
MILTON.NS,Milton Industries Limited,SM,16-Oct-17,10,INE376Y01016,10,
OMFURN.NS,Omfurn India Limited,ST,13-Oct-17,10,INE338Y01016,10,
BETA.NS,Beta Drugs Limited,SM,12-Oct-17,10,INE351Y01019,10,
CMMIPL.NS,CMM Infraprojects Limited,SZ,12-Oct-17,10,INE289S01013,10,
GOLDSTAR.NS,Goldstar Power Limited,SM,10-Oct-17,1,INE405Y01021,1,
TIRUPATI.NS,Shree Tirupati Balajee FIBC Limited,SM,05-Oct-17,10,INE238Y01018,10,
CADSYS.NS,Cadsys (India) Limited,ST,04-Oct-17,10,INE090Y01013,10,
RMDRIP.NS,R M Drip and Sprinklers Systems Limited,ST,04-Oct-17,10,INE219Y01018,10,
MPTODAY.NS,Madhya Pradesh Today Media Limited,SM,29-Sep-17,10,INE105Y01019,10,
MANAV.NS,Manav Infra Projects Limited,SM,18-Sep-17,10,INE104Y01012,10,
PASHUPATI.NS,Pashupati Cotspin Limited,ST,08-Sep-17,10,INE124Y01010,10,
TRANSWIND.NS,Transwind Infrastructures Limited,ST,12-Jul-17,10,INE792X01016,10,
ACCORD.NS,Accord Synergy Limited,SM,06-Jul-17,10,INE113X01015,10,
VSCL.NS,Vadivarhe Speciality Chemicals Limited,ST,02-Jun-17,10,INE551Q01028,10,
JALAN.NS,Jalan Transolutions (India) Limited,ST,31-May-17,10,INE349X01015,10,
ASLIND.NS,ASL Industries Limited,SM,18-Apr-17,10,INE617I01024,10,
PROLIFE.NS,Prolife Industries Limited,SM,09-Jan-17,10,INE994V01012,10,
GICL.NS,Globe International Carriers Limited,ST,19-Oct-16,10,INE947T01014,10,
DRL.NS,Dhanuka Realty Limited,SM,18-Oct-16,10,INE704V01015,10,
AURDIS.NS,Aurangabad Distillery Limited,SM,17-Oct-16,10,INE448V01019,10,
GRETEX.NS,Gretex Industries Limited,ST,14-Oct-16,10,INE985P01012,10,
JETKNIT.NS,Jet Knitwears Limited,ST,07-Oct-16,10,INE564T01017,10,
AVSL.NS,AVSL Industries Limited,ST,06-Oct-16,10,INE522V01011,10,
KKVAPOW.NS,KKV Agro Powers Limited,SM,15-Jul-16,10,INE239T01016,10,
PERFECT.NS,Perfect Infraengineers Limited,ST,20-Nov-15,10,INE925S01012,10,
AHIMSA.NS,Ahimsa Industries Limited,ST,15-Oct-15,10,INE136T01014,10,
SHAIVAL.NS,Shaival Reality Limited,ST,01-Oct-15,10,INE262S01010,10,
EMKAYTOOLS.NS,Emkay Taps and Cutting Tools Limited,SM,13-Aug-15,10,INE332S01011,10,
